"Label (Grouping)","United States!!Total!!Estimate","United States!!Percent!!Estimate","United States!!Male!!Estimate","United States!!Percent Male!!Estimate","United States!!Female!!Estimate","United States!!Percent Female!!Estimate","Alabama!!Total!!Estimate","Alabama!!Percent!!Estimate","Alabama!!Male!!Estimate","Alabama!!Percent Male!!Estimate","Alabama!!Female!!Estimate","Alabama!!Percent Female!!Estimate","Alaska!!Total!!Estimate","Alaska!!Percent!!Estimate","Alaska!!Male!!Estimate","Alaska!!Percent Male!!Estimate","Alaska!!Female!!Estimate","Alaska!!Percent Female!!Estimate","Arizona!!Total!!Estimate","Arizona!!Percent!!Estimate","Arizona!!Male!!Estimate","Arizona!!Percent Male!!Estimate","Arizona!!Female!!Estimate","Arizona!!Percent Female!!Estimate","Arkansas!!Total!!Estimate","Arkansas!!Percent!!Estimate","Arkansas!!Male!!Estimate","Arkansas!!Percent Male!!Estimate","Arkansas!!Female!!Estimate","Arkansas!!Percent Female!!Estimate","California!!Total!!Estimate","California!!Percent!!Estimate","California!!Male!!Estimate","California!!Percent Male!!Estimate","California!!Female!!Estimate","California!!Percent Female!!Estimate","Colorado!!Total!!Estimate","Colorado!!Percent!!Estimate","Colorado!!Male!!Estimate","Colorado!!Percent Male!!Estimate","Colorado!!Female!!Estimate","Colorado!!Percent Female!!Estimate","Connecticut!!Total!!Estimate","Connecticut!!Percent!!Estimate","Connecticut!!Male!!Estimate","Connecticut!!Percent Male!!Estimate","Connecticut!!Female!!Estimate","Connecticut!!Percent Female!!Estimate","Delaware!!Total!!Estimate","Delaware!!Percent!!Estimate","Delaware!!Male!!Estimate","Delaware!!Percent Male!!Estimate","Delaware!!Female!!Estimate","Delaware!!Percent Female!!Estimate","District of Columbia!!Total!!Estimate","District of Columbia!!Percent!!Estimate","District of Columbia!!Male!!Estimate","District of Columbia!!Percent Male!!Estimate","District of Columbia!!Female!!Estimate","District of Columbia!!Percent Female!!Estimate","Florida!!Total!!Estimate","Florida!!Percent!!Estimate","Florida!!Male!!Estimate","Florida!!Percent Male!!Estimate","Florida!!Female!!Estimate","Florida!!Percent Female!!Estimate","Georgia!!Total!!Estimate","Georgia!!Percent!!Estimate","Georgia!!Male!!Estimate","Georgia!!Percent Male!!Estimate","Georgia!!Female!!Estimate","Georgia!!Percent Female!!Estimate","Hawaii!!Total!!Estimate","Hawaii!!Percent!!Estimate","Hawaii!!Male!!Estimate","Hawaii!!Percent Male!!Estimate","Hawaii!!Female!!Estimate","Hawaii!!Percent Female!!Estimate","Idaho!!Total!!Estimate","Idaho!!Percent!!Estimate","Idaho!!Male!!Estimate","Idaho!!Percent Male!!Estimate","Idaho!!Female!!Estimate","Idaho!!Percent Female!!Estimate","Illinois!!Total!!Estimate","Illinois!!Percent!!Estimate","Illinois!!Male!!Estimate","Illinois!!Percent Male!!Estimate","Illinois!!Female!!Estimate","Illinois!!Percent Female!!Estimate","Indiana!!Total!!Estimate","Indiana!!Percent!!Estimate","Indiana!!Male!!Estimate","Indiana!!Percent Male!!Estimate","Indiana!!Female!!Estimate","Indiana!!Percent Female!!Estimate","Iowa!!Total!!Estimate","Iowa!!Percent!!Estimate","Iowa!!Male!!Estimate","Iowa!!Percent Male!!Estimate","Iowa!!Female!!Estimate","Iowa!!Percent Female!!Estimate","Kansas!!Total!!Estimate","Kansas!!Percent!!Estimate","Kansas!!Male!!Estimate","Kansas!!Percent Male!!Estimate","Kansas!!Female!!Estimate","Kansas!!Percent Female!!Estimate","Kentucky!!Total!!Estimate","Kentucky!!Percent!!Estimate","Kentucky!!Male!!Estimate","Kentucky!!Percent Male!!Estimate","Kentucky!!Female!!Estimate","Kentucky!!Percent Female!!Estimate","Louisiana!!Total!!Estimate","Louisiana!!Percent!!Estimate","Louisiana!!Male!!Estimate","Louisiana!!Percent Male!!Estimate","Louisiana!!Female!!Estimate","Louisiana!!Percent Female!!Estimate","Maine!!Total!!Estimate","Maine!!Percent!!Estimate","Maine!!Male!!Estimate","Maine!!Percent Male!!Estimate","Maine!!Female!!Estimate","Maine!!Percent Female!!Estimate","Maryland!!Total!!Estimate","Maryland!!Percent!!Estimate","Maryland!!Male!!Estimate","Maryland!!Percent Male!!Estimate","Maryland!!Female!!Estimate","Maryland!!Percent Female!!Estimate","Massachusetts!!Total!!Estimate","Massachusetts!!Percent!!Estimate","Massachusetts!!Male!!Estimate","Massachusetts!!Percent Male!!Estimate","Massachusetts!!Female!!Estimate","Massachusetts!!Percent Female!!Estimate","Michigan!!Total!!Estimate","Michigan!!Percent!!Estimate","Michigan!!Male!!Estimate","Michigan!!Percent Male!!Estimate","Michigan!!Female!!Estimate","Michigan!!Percent Female!!Estimate","Minnesota!!Total!!Estimate","Minnesota!!Percent!!Estimate","Minnesota!!Male!!Estimate","Minnesota!!Percent Male!!Estimate","Minnesota!!Female!!Estimate","Minnesota!!Percent Female!!Estimate","Mississippi!!Total!!Estimate","Mississippi!!Percent!!Estimate","Mississippi!!Male!!Estimate","Mississippi!!Percent Male!!Estimate","Mississippi!!Female!!Estimate","Mississippi!!Percent Female!!Estimate","Missouri!!Total!!Estimate","Missouri!!Percent!!Estimate","Missouri!!Male!!Estimate","Missouri!!Percent Male!!Estimate","Missouri!!Female!!Estimate","Missouri!!Percent Female!!Estimate","Montana!!Total!!Estimate","Montana!!Percent!!Estimate","Montana!!Male!!Estimate","Montana!!Percent Male!!Estimate","Montana!!Female!!Estimate","Montana!!Percent Female!!Estimate","Nebraska!!Total!!Estimate","Nebraska!!Percent!!Estimate","Nebraska!!Male!!Estimate","Nebraska!!Percent Male!!Estimate","Nebraska!!Female!!Estimate","Nebraska!!Percent Female!!Estimate","Nevada!!Total!!Estimate","Nevada!!Percent!!Estimate","Nevada!!Male!!Estimate","Nevada!!Percent Male!!Estimate","Nevada!!Female!!Estimate","Nevada!!Percent Female!!Estimate","New Hampshire!!Total!!Estimate","New Hampshire!!Percent!!Estimate","New Hampshire!!Male!!Estimate","New Hampshire!!Percent Male!!Estimate","New Hampshire!!Female!!Estimate","New Hampshire!!Percent Female!!Estimate","New Jersey!!Total!!Estimate","New Jersey!!Percent!!Estimate","New Jersey!!Male!!Estimate","New Jersey!!Percent Male!!Estimate","New Jersey!!Female!!Estimate","New Jersey!!Percent Female!!Estimate","New Mexico!!Total!!Estimate","New Mexico!!Percent!!Estimate","New Mexico!!Male!!Estimate","New Mexico!!Percent Male!!Estimate","New Mexico!!Female!!Estimate","New Mexico!!Percent Female!!Estimate","New York!!Total!!Estimate","New York!!Percent!!Estimate","New York!!Male!!Estimate","New York!!Percent Male!!Estimate","New York!!Female!!Estimate","New York!!Percent Female!!Estimate","North Carolina!!Total!!Estimate","North Carolina!!Percent!!Estimate","North Carolina!!Male!!Estimate","North Carolina!!Percent Male!!Estimate","North Carolina!!Female!!Estimate","North Carolina!!Percent Female!!Estimate","North Dakota!!Total!!Estimate","North Dakota!!Percent!!Estimate","North Dakota!!Male!!Estimate","North Dakota!!Percent Male!!Estimate","North Dakota!!Female!!Estimate","North Dakota!!Percent Female!!Estimate","Ohio!!Total!!Estimate","Ohio!!Percent!!Estimate","Ohio!!Male!!Estimate","Ohio!!Percent Male!!Estimate","Ohio!!Female!!Estimate","Ohio!!Percent Female!!Estimate","Oklahoma!!Total!!Estimate","Oklahoma!!Percent!!Estimate","Oklahoma!!Male!!Estimate","Oklahoma!!Percent Male!!Estimate","Oklahoma!!Female!!Estimate","Oklahoma!!Percent Female!!Estimate","Oregon!!Total!!Estimate","Oregon!!Percent!!Estimate","Oregon!!Male!!Estimate","Oregon!!Percent Male!!Estimate","Oregon!!Female!!Estimate","Oregon!!Percent Female!!Estimate","Pennsylvania!!Total!!Estimate","Pennsylvania!!Percent!!Estimate","Pennsylvania!!Male!!Estimate","Pennsylvania!!Percent Male!!Estimate","Pennsylvania!!Female!!Estimate","Pennsylvania!!Percent Female!!Estimate","Rhode Island!!Total!!Estimate","Rhode Island!!Percent!!Estimate","Rhode Island!!Male!!Estimate","Rhode Island!!Percent Male!!Estimate","Rhode Island!!Female!!Estimate","Rhode Island!!Percent Female!!Estimate","South Carolina!!Total!!Estimate","South Carolina!!Percent!!Estimate","South Carolina!!Male!!Estimate","South Carolina!!Percent Male!!Estimate","South Carolina!!Female!!Estimate","South Carolina!!Percent Female!!Estimate","South Dakota!!Total!!Estimate","South Dakota!!Percent!!Estimate","South Dakota!!Male!!Estimate","South Dakota!!Percent Male!!Estimate","South Dakota!!Female!!Estimate","South Dakota!!Percent Female!!Estimate","Tennessee!!Total!!Estimate","Tennessee!!Percent!!Estimate","Tennessee!!Male!!Estimate","Tennessee!!Percent Male!!Estimate","Tennessee!!Female!!Estimate","Tennessee!!Percent Female!!Estimate","Texas!!Total!!Estimate","Texas!!Percent!!Estimate","Texas!!Male!!Estimate","Texas!!Percent Male!!Estimate","Texas!!Female!!Estimate","Texas!!Percent Female!!Estimate","Utah!!Total!!Estimate","Utah!!Percent!!Estimate","Utah!!Male!!Estimate","Utah!!Percent Male!!Estimate","Utah!!Female!!Estimate","Utah!!Percent Female!!Estimate","Vermont!!Total!!Estimate","Vermont!!Percent!!Estimate","Vermont!!Male!!Estimate","Vermont!!Percent Male!!Estimate","Vermont!!Female!!Estimate","Vermont!!Percent Female!!Estimate","Virginia!!Total!!Estimate","Virginia!!Percent!!Estimate","Virginia!!Male!!Estimate","Virginia!!Percent Male!!Estimate","Virginia!!Female!!Estimate","Virginia!!Percent Female!!Estimate","Washington!!Total!!Estimate","Washington!!Percent!!Estimate","Washington!!Male!!Estimate","Washington!!Percent Male!!Estimate","Washington!!Female!!Estimate","Washington!!Percent Female!!Estimate","West Virginia!!Total!!Estimate","West Virginia!!Percent!!Estimate","West Virginia!!Male!!Estimate","West Virginia!!Percent Male!!Estimate","West Virginia!!Female!!Estimate","West Virginia!!Percent Female!!Estimate","Wisconsin!!Total!!Estimate","Wisconsin!!Percent!!Estimate","Wisconsin!!Male!!Estimate","Wisconsin!!Percent Male!!Estimate","Wisconsin!!Female!!Estimate","Wisconsin!!Percent Female!!Estimate","Wyoming!!Total!!Estimate","Wyoming!!Percent!!Estimate","Wyoming!!Male!!Estimate","Wyoming!!Percent Male!!Estimate","Wyoming!!Female!!Estimate","Wyoming!!Percent Female!!Estimate","Puerto Rico!!Total!!Estimate","Puerto Rico!!Percent!!Estimate","Puerto Rico!!Male!!Estimate","Puerto Rico!!Percent Male!!Estimate","Puerto Rico!!Female!!Estimate","Puerto Rico!!Percent Female!!Estimate"
"Total population 25 years and over with a Bachelor's degree or higher","81,908,334","(X)","38,679,527","(X)","43,228,807","(X)","1,000,791","(X)","456,466","(X)","544,325","(X)","149,646","(X)","71,163","(X)","78,483","(X)","1,666,139","(X)","817,052","(X)","849,087","(X)","522,807","(X)","234,103","(X)","288,704","(X)","9,935,941","(X)","4,799,894","(X)","5,136,047","(X)","1,875,132","(X)","916,928","(X)","958,204","(X)","1,066,404","(X)","490,823","(X)","575,581","(X)","264,384","(X)","123,265","(X)","141,119","(X)","313,274","(X)","151,981","(X)","161,293","(X)","5,518,418","(X)","2,631,810","(X)","2,886,608","(X)","2,544,114","(X)","1,165,193","(X)","1,378,921","(X)","362,704","(X)","169,123","(X)","193,581","(X)","413,168","(X)","201,203","(X)","211,965","(X)","3,275,418","(X)","1,543,777","(X)","1,731,641","(X)","1,357,012","(X)","640,119","(X)","716,893","(X)","697,806","(X)","325,378","(X)","372,428","(X)","692,543","(X)","327,499","(X)","365,044","(X)","861,336","(X)","398,648","(X)","462,688","(X)","840,106","(X)","364,963","(X)","475,143","(X)","371,558","(X)","166,423","(X)","205,135","(X)","1,878,705","(X)","867,053","(X)","1,011,652","(X)","2,307,709","(X)","1,090,686","(X)","1,217,023","(X)","2,241,852","(X)","1,064,411","(X)","1,177,441","(X)","1,533,711","(X)","725,777","(X)","807,934","(X)","486,186","(X)","201,930","(X)","284,256","(X)","1,364,017","(X)","629,675","(X)","734,342","(X)","271,742","(X)","129,674","(X)","142,068","(X)","450,517","(X)","212,111","(X)","238,406","(X)","601,212","(X)","287,903","(X)","313,309","(X)","423,270","(X)","205,247","(X)","218,023","(X)","2,821,608","(X)","1,348,565","(X)","1,473,043","(X)","442,597","(X)","198,435","(X)","244,162","(X)","5,556,561","(X)","2,561,363","(X)","2,995,198","(X)","2,647,999","(X)","1,206,790","(X)","1,441,209","(X)","163,841","(X)","72,636","(X)","91,205","(X)","2,600,379","(X)","1,211,641","(X)","1,388,738","(X)","758,917","(X)","358,335","(X)","400,582","(X)","1,106,239","(X)","524,256","(X)","581,983","(X)","3,209,693","(X)","1,516,646","(X)","1,693,047","(X)","308,412","(X)","147,596","(X)","160,816","(X)","1,194,503","(X)","552,468","(X)","642,035","(X)","191,317","(X)","87,904","(X)","103,413","(X)","1,513,960","(X)","699,762","(X)","814,198","(X)","6,651,408","(X)","3,196,464","(X)","3,454,944","(X)","775,049","(X)","404,687","(X)","370,362","(X)","206,839","(X)","92,716","(X)","114,123","(X)","2,522,034","(X)","1,200,385","(X)","1,321,649","(X)","2,159,683","(X)","1,059,907","(X)","1,099,776","(X)","313,086","(X)","144,982","(X)","168,104","(X)","1,358,421","(X)","628,824","(X)","729,597","(X)","118,166","(X)","54,887","(X)","63,279","(X)","717,719","(X)","277,978","(X)","439,741","(X)"
"    Science and Engineering","29,370,134","35.9%","17,226,656","44.5%","12,143,478","28.1%","304,022","30.4%","186,280","40.8%","117,742","21.6%","58,732","39.2%","35,519","49.9%","23,213","29.6%","570,535","34.2%","342,325","41.9%","228,210","26.9%","154,245","29.5%","90,792","38.8%","63,453","22.0%","4,217,159","42.4%","2,435,979","50.8%","1,781,180","34.7%","777,822","41.5%","455,516","49.7%","322,306","33.6%","391,910","36.8%","218,535","44.5%","173,375","30.1%","95,961","36.3%","55,899","45.3%","40,062","28.4%","155,463","49.6%","82,636","54.4%","72,827","45.2%","1,775,940","32.2%","1,062,730","40.4%","713,210","24.7%","861,194","33.9%","477,008","40.9%","384,186","27.9%","135,168","37.3%","78,764","46.6%","56,404","29.1%","134,776","32.6%","85,733","42.6%","49,043","23.1%","1,103,265","33.7%","653,129","42.3%","450,136","26.0%","410,122","30.2%","252,154","39.4%","157,968","22.0%","207,421","29.7%","130,178","40.0%","77,243","20.7%","211,242","30.5%","128,624","39.3%","82,618","22.6%","257,298","29.9%","156,483","39.3%","100,815","21.8%","248,779","29.6%","134,579","36.9%","114,200","24.0%","128,548","34.6%","70,691","42.5%","57,857","28.2%","787,333","41.9%","444,041","51.2%","343,292","33.9%","946,573","41.0%","529,981","48.6%","416,592","34.2%","762,059","34.0%","468,577","44.0%","293,482","24.9%","525,635","34.3%","312,389","43.0%","213,246","26.4%","133,996","27.6%","76,578","37.9%","57,418","20.2%","412,516","30.2%","252,637","40.1%","159,879","21.8%","97,007","35.7%","60,961","47.0%","36,046","25.4%","128,903","28.6%","76,899","36.3%","52,004","21.8%","201,688","33.5%","123,470","42.9%","78,218","25.0%","159,589","37.7%","95,107","46.3%","64,482","29.6%","1,058,196","37.5%","608,180","45.1%","450,016","30.6%","164,455","37.2%","95,838","48.3%","68,617","28.1%","1,951,557","35.1%","1,085,529","42.4%","866,028","28.9%","911,757","34.4%","515,188","42.7%","396,569","27.5%","47,463","29.0%","29,514","40.6%","17,949","19.7%","825,545","31.7%","496,900","41.0%","328,645","23.7%","215,283","28.4%","129,498","36.1%","85,785","21.4%","443,618","40.1%","250,074","47.7%","193,544","33.3%","1,096,920","34.2%","645,914","42.6%","451,006","26.6%","107,729","34.9%","60,380","40.9%","47,349","29.4%","373,637","31.3%","222,343","40.2%","151,294","23.6%","59,226","31.0%","37,967","43.2%","21,259","20.6%","460,271","30.4%","275,215","39.3%","185,056","22.7%","2,408,612","36.2%","1,458,902","45.6%","949,710","27.5%","261,416","33.7%","177,951","44.0%","83,465","22.5%","80,883","39.1%","44,986","48.5%","35,897","31.5%","1,022,288","40.5%","590,578","49.2%","431,710","32.7%","946,778","43.8%","571,890","54.0%","374,888","34.1%","91,636","29.3%","57,097","39.4%","34,539","20.5%","445,841","32.8%","271,762","43.2%","174,079","23.9%","42,122","35.6%","26,756","48.7%","15,366","24.3%","191,479","26.7%","95,593","34.4%","95,886","21.8%"
"    Science and Engineering Related Fields","8,122,242","9.9%","2,215,569","5.7%","5,906,673","13.7%","109,144","10.9%","26,891","5.9%","82,253","15.1%","14,705","9.8%","3,623","5.1%","11,082","14.1%","169,925","10.2%","51,186","6.3%","118,739","14.0%","63,679","12.2%","16,358","7.0%","47,321","16.4%","848,472","8.5%","261,297","5.4%","587,175","11.4%","151,301","8.1%","41,426","4.5%","109,875","11.5%","95,095","8.9%","23,136","4.7%","71,959","12.5%","27,226","10.3%","6,881","5.6%","20,345","14.4%","15,278","4.9%","5,437","3.6%","9,841","6.1%","614,700","11.1%","170,435","6.5%","444,265","15.4%","240,729","9.5%","67,984","5.8%","172,745","12.5%","37,456","10.3%","11,318","6.7%","26,138","13.5%","50,945","12.3%","13,469","6.7%","37,476","17.7%","337,545","10.3%","90,107","5.8%","247,438","14.3%","178,293","13.1%","48,851","7.6%","129,442","18.1%","71,734","10.3%","17,203","5.3%","54,531","14.6%","71,981","10.4%","18,809","5.7%","53,172","14.6%","101,068","11.7%","24,094","6.0%","76,974","16.6%","109,602","13.0%","32,313","8.9%","77,289","16.3%","38,542","10.4%","11,282","6.8%","27,260","13.3%","164,506","8.8%","43,767","5.0%","120,739","11.9%","192,771","8.4%","47,074","4.3%","145,697","12.0%","254,276","11.3%","72,992","6.9%","181,284","15.4%","158,140","10.3%","38,227","5.3%","119,913","14.8%","60,436","12.4%","14,685","7.3%","45,751","16.1%","156,181","11.5%","39,419","6.3%","116,762","15.9%","30,933","11.4%","7,961","6.1%","22,972","16.2%","51,934","11.5%","11,246","5.3%","40,688","17.1%","59,476","9.9%","15,320","5.3%","44,156","14.1%","38,377","9.1%","9,375","4.6%","29,002","13.3%","252,482","8.9%","66,901","5.0%","185,581","12.6%","41,469","9.4%","10,693","5.4%","30,776","12.6%","513,403","9.2%","138,737","5.4%","374,666","12.5%","267,866","10.1%","67,098","5.6%","200,768","13.9%","24,435","14.9%","5,202","7.2%","19,233","21.1%","310,902","12.0%","79,322","6.5%","231,580","16.7%","79,008","10.4%","24,031","6.7%","54,977","13.7%","98,246","8.9%","28,635","5.5%","69,611","12.0%","358,225","11.2%","87,756","5.8%","270,469","16.0%","32,288","10.5%","9,585","6.5%","22,703","14.1%","124,166","10.4%","30,654","5.5%","93,512","14.6%","27,807","14.5%","7,256","8.3%","20,551","19.9%","161,611","10.7%","41,752","6.0%","119,859","14.7%","624,096","9.4%","184,793","5.8%","439,303","12.7%","78,828","10.2%","25,619","6.3%","53,209","14.4%","18,183","8.8%","4,049","4.4%","14,134","12.4%","201,954","8.0%","53,206","4.4%","148,748","11.3%","182,714","8.5%","54,113","5.1%","128,601","11.7%","42,663","13.6%","11,023","7.6%","31,640","18.8%","155,992","11.5%","39,823","6.3%","116,169","15.9%","11,454","9.7%","3,155","5.7%","8,299","13.1%","92,352","12.9%","25,177","9.1%","67,175","15.3%"
"    Business","16,539,304","20.2%","9,049,600","23.4%","7,489,704","17.3%","229,398","22.9%","121,250","26.6%","108,148","19.9%","21,905","14.6%","11,661","16.4%","10,244","13.1%","365,252","21.9%","215,349","26.4%","149,903","17.7%","108,356","20.7%","57,711","24.7%","50,645","17.5%","1,757,783","17.7%","922,911","19.2%","834,872","16.3%","351,992","18.8%","197,609","21.6%","154,383","16.1%","210,013","19.7%","114,942","23.4%","95,071","16.5%","56,911","21.5%","30,368","24.6%","26,543","18.8%","40,151","12.8%","22,845","15.0%","17,306","10.7%","1,360,494","24.7%","762,713","29.0%","597,781","20.7%","598,045","23.5%","315,270","27.1%","282,775","20.5%","70,772","19.5%","34,550","20.4%","36,222","18.7%","77,513","18.8%","46,031","22.9%","31,482","14.9%","696,418","21.3%","378,027","24.5%","318,391","18.4%","273,138","20.1%","149,053","23.3%","124,085","17.3%","144,212","20.7%","82,068","25.2%","62,144","16.7%","149,211","21.5%","84,037","25.7%","65,174","17.9%","170,035","19.7%","97,444","24.4%","72,591","15.7%","163,852","19.5%","86,044","23.6%","77,808","16.4%","50,342","13.5%","27,944","16.8%","22,398","10.9%","344,639","18.3%","174,495","20.1%","170,144","16.8%","403,408","17.5%","224,179","20.6%","179,229","14.7%","472,881","21.1%","250,425","23.5%","222,456","18.9%","306,601","20.0%","171,375","23.6%","135,226","16.7%","105,297","21.7%","53,156","26.3%","52,141","18.3%","287,523","21.1%","156,440","24.8%","131,083","17.9%","45,201","16.6%","24,149","18.6%","21,052","14.8%","98,418","21.8%","57,778","27.2%","40,640","17.0%","140,607","23.4%","77,048","26.8%","63,559","20.3%","78,975","18.7%","43,042","21.0%","35,933","16.5%","607,812","21.5%","342,036","25.4%","265,776","18.0%","72,183","16.3%","36,914","18.6%","35,269","14.4%","1,036,287","18.6%","556,473","21.7%","479,814","16.0%","549,908","20.8%","297,127","24.6%","252,781","17.5%","31,298","19.1%","16,367","22.5%","14,931","16.4%","540,269","20.8%","315,997","26.1%","224,272","16.1%","171,575","22.6%","93,718","26.2%","77,857","19.4%","165,506","15.0%","94,911","18.1%","70,595","12.1%","629,545","19.6%","367,009","24.2%","262,536","15.5%","52,994","17.2%","31,766","21.5%","21,228","13.2%","272,020","22.8%","147,806","26.8%","124,214","19.3%","33,449","17.5%","18,369","20.9%","15,080","14.6%","352,450","23.3%","189,317","27.1%","163,133","20.0%","1,520,907","22.9%","826,286","25.9%","694,621","20.1%","148,775","19.2%","101,362","25.0%","47,413","12.8%","23,659","11.4%","12,268","13.2%","11,391","10.0%","470,775","18.7%","249,130","20.8%","221,645","16.8%","344,071","15.9%","183,063","17.3%","161,008","14.6%","54,313","17.3%","29,133","20.1%","25,180","15.0%","265,412","19.5%","141,091","22.4%","124,321","17.0%","16,753","14.2%","9,543","17.4%","7,210","11.4%","207,046","28.8%","89,125","32.1%","117,921","26.8%"
"    Education","9,061,909","11.1%","2,056,642","5.3%","7,005,267","16.2%","156,402","15.6%","31,869","7.0%","124,533","22.9%","19,200","12.8%","4,463","6.3%","14,737","18.8%","200,008","12.0%","51,882","6.3%","148,126","17.4%","87,091","16.7%","19,763","8.4%","67,328","23.3%","579,436","5.8%","130,717","2.7%","448,719","8.7%","149,827","8.0%","33,523","3.7%","116,304","12.1%","103,834","9.7%","20,973","4.3%","82,861","14.4%","33,785","12.8%","7,281","5.9%","26,504","18.8%","10,455","3.3%","2,908","1.9%","7,547","4.7%","648,961","11.8%","137,981","5.2%","510,980","17.7%","287,450","11.3%","60,340","5.2%","227,110","16.5%","39,343","10.8%","9,047","5.3%","30,296","15.7%","59,320","14.4%","13,978","6.9%","45,342","21.4%","382,608","11.7%","91,715","5.9%","290,893","16.8%","201,580","14.9%","55,842","8.7%","145,738","20.3%","123,083","17.6%","33,132","10.2%","89,951","24.2%","108,467","15.7%","27,552","8.4%","80,915","22.2%","124,064","14.4%","27,367","6.9%","96,697","20.9%","124,964","14.9%","27,276","7.5%","97,688","20.6%","47,939","12.9%","10,826","6.5%","37,113","18.1%","166,035","8.8%","30,484","3.5%","135,551","13.4%","195,283","8.5%","40,839","3.7%","154,444","12.7%","279,596","12.5%","69,750","6.6%","209,846","17.8%","188,320","12.3%","51,722","7.1%","136,598","16.9%","90,974","18.7%","19,818","9.8%","71,156","25.0%","201,986","14.8%","45,045","7.2%","156,941","21.4%","38,688","14.2%","10,702","8.3%","27,986","19.7%","75,835","16.8%","20,475","9.7%","55,360","23.2%","66,083","11.0%","15,167","5.3%","50,916","16.3%","46,079","10.9%","11,771","5.7%","34,308","15.7%","284,720","10.1%","60,166","4.5%","224,554","15.2%","57,944","13.1%","13,193","6.6%","44,751","18.3%","560,313","10.1%","128,090","5.0%","432,223","14.4%","299,937","11.3%","61,373","5.1%","238,564","16.6%","29,193","17.8%","6,728","9.3%","22,465","24.6%","377,381","14.5%","91,561","7.6%","285,820","20.6%","124,997","16.5%","32,613","9.1%","92,384","23.1%","100,695","9.1%","24,968","4.8%","75,727","13.0%","425,266","13.2%","111,373","7.3%","313,893","18.5%","31,618","10.3%","7,402","5.0%","24,216","15.1%","162,411","13.6%","29,486","5.3%","132,925","20.7%","37,442","19.6%","9,757","11.1%","27,685","26.8%","192,362","12.7%","39,222","5.6%","153,140","18.8%","722,225","10.9%","139,379","4.4%","582,846","16.9%","93,767","12.1%","18,298","4.5%","75,469","20.4%","21,283","10.3%","4,999","5.4%","16,284","14.3%","232,325","9.2%","48,930","4.1%","183,395","13.9%","191,315","8.9%","44,355","4.2%","146,960","13.4%","59,968","19.2%","18,030","12.4%","41,938","24.9%","196,855","14.5%","47,540","7.6%","149,315","20.5%","23,196","19.6%","4,971","9.1%","18,225","28.8%","122,217","17.0%","28,811","10.4%","93,406","21.2%"
"    Arts, Humanities and Others","18,814,745","23.0%","8,131,060","21.0%","10,683,685","24.7%","201,825","20.2%","90,176","19.8%","111,649","20.5%","35,104","23.5%","15,897","22.3%","19,207","24.5%","360,419","21.6%","156,310","19.1%","204,109","24.0%","109,436","20.9%","49,479","21.1%","59,957","20.8%","2,533,091","25.5%","1,048,990","21.9%","1,484,101","28.9%","444,190","23.7%","188,854","20.6%","255,336","26.6%","265,552","24.9%","113,237","23.1%","152,315","26.5%","50,501","19.1%","22,836","18.5%","27,665","19.6%","91,927","29.3%","38,155","25.1%","53,772","33.3%","1,118,323","20.3%","497,951","18.9%","620,372","21.5%","556,696","21.9%","244,591","21.0%","312,105","22.6%","79,965","22.0%","35,444","21.0%","44,521","23.0%","90,614","21.9%","41,992","20.9%","48,622","22.9%","755,582","23.1%","330,799","21.4%","424,783","24.5%","293,879","21.7%","134,219","21.0%","159,660","22.3%","151,356","21.7%","62,797","19.3%","88,559","23.8%","151,642","21.9%","68,477","20.9%","83,165","22.8%","208,871","24.2%","93,260","23.4%","115,611","25.0%","192,909","23.0%","84,751","23.2%","108,158","22.8%","106,187","28.6%","45,680","27.4%","60,507","29.5%","416,192","22.2%","174,266","20.1%","241,926","23.9%","569,674","24.7%","248,613","22.8%","321,061","26.4%","473,040","21.1%","202,667","19.0%","270,373","23.0%","355,015","23.1%","152,064","21.0%","202,951","25.1%","95,483","19.6%","37,693","18.7%","57,790","20.3%","305,811","22.4%","136,134","21.6%","169,677","23.1%","59,913","22.0%","25,901","20.0%","34,012","23.9%","95,427","21.2%","45,713","21.6%","49,714","20.9%","133,358","22.2%","56,898","19.8%","76,460","24.4%","100,250","23.7%","45,952","22.4%","54,298","24.9%","618,398","21.9%","271,282","20.1%","347,116","23.6%","106,546","24.1%","41,797","21.1%","64,749","26.5%","1,495,001","26.9%","652,534","25.5%","842,467","28.1%","618,531","23.4%","266,004","22.0%","352,527","24.5%","31,452","19.2%","14,825","20.4%","16,627","18.2%","546,282","21.0%","227,861","18.8%","318,421","22.9%","168,054","22.1%","78,475","21.9%","89,579","22.4%","298,174","27.0%","125,668","24.0%","172,506","29.6%","699,737","21.8%","304,594","20.1%","395,143","23.3%","83,783","27.2%","38,463","26.1%","45,320","28.2%","262,269","22.0%","122,179","22.1%","140,090","21.8%","33,393","17.5%","14,555","16.6%","18,838","18.2%","347,266","22.9%","154,256","22.0%","193,010","23.7%","1,375,568","20.7%","587,104","18.4%","788,464","22.8%","192,263","24.8%","81,457","20.1%","110,806","29.9%","62,831","30.4%","26,414","28.5%","36,417","31.9%","594,692","23.6%","258,541","21.5%","336,151","25.4%","494,805","22.9%","206,486","19.5%","288,319","26.2%","64,506","20.6%","29,699","20.5%","34,807","20.7%","294,321","21.7%","128,608","20.5%","165,713","22.7%","24,641","20.9%","10,462","19.1%","14,179","22.4%","104,625","14.6%","39,272","14.1%","65,353","14.9%"
"    DETAILED AGE","","","","","","","","","","","","","","","","","","","","","","","","","","","","","","","","","","","","","","","","","","","","","","","","","","","","","","","","","","","","","","","","","","","","","","","","","","","","","","","","","","","","","","","","","","","","","","","","","","","","","","","","","","","","","","","","","","","","","","","","","","","","","","","","","","","","","","","","","","","","","","","","","","","","","","","","","","","","","","","","","","","","","","","","","","","","","","","","","","","","","","","","","","","","","","","","","","","","","","","","","","","","","","","","","","","","","","","","","","","","","","","","","","","","","","","","","","","","","","","","","","","","","","","","","","","","","","","","","","","","","","","","","","","","","","","","","","","","","","","","","","","","","","","","","","","","","","","","","","","","","","","","","","","","","","","","","","","","","",""
"        25 to 39 years","27,212,279","(X)","12,378,779","(X)","14,833,500","(X)","295,944","(X)","126,616","(X)","169,328","(X)","51,602","(X)","23,092","(X)","28,510","(X)","500,145","(X)","231,298","(X)","268,847","(X)","166,936","(X)","72,811","(X)","94,125","(X)","3,496,790","(X)","1,631,816","(X)","1,864,974","(X)","677,058","(X)","328,002","(X)","349,056","(X)","323,076","(X)","142,171","(X)","180,905","(X)","79,111","(X)","36,654","(X)","42,457","(X)","161,802","(X)","76,540","(X)","85,262","(X)","1,551,809","(X)","695,681","(X)","856,128","(X)","843,248","(X)","369,972","(X)","473,276","(X)","103,632","(X)","46,988","(X)","56,644","(X)","126,332","(X)","57,854","(X)","68,478","(X)","1,144,890","(X)","528,702","(X)","616,188","(X)","459,113","(X)","206,989","(X)","252,124","(X)","231,207","(X)","104,323","(X)","126,884","(X)","223,533","(X)","100,907","(X)","122,626","(X)","288,260","(X)","128,068","(X)","160,192","(X)","287,036","(X)","118,191","(X)","168,845","(X)","102,681","(X)","43,671","(X)","59,010","(X)","577,869","(X)","254,723","(X)","323,146","(X)","803,080","(X)","369,354","(X)","433,726","(X)","702,163","(X)","325,386","(X)","376,777","(X)","513,683","(X)","233,425","(X)","280,258","(X)","142,548","(X)","55,439","(X)","87,109","(X)","448,305","(X)","198,180","(X)","250,125","(X)","81,162","(X)","37,577","(X)","43,585","(X)","156,775","(X)","71,907","(X)","84,868","(X)","182,738","(X)","78,880","(X)","103,858","(X)","124,648","(X)","60,724","(X)","63,924","(X)","924,671","(X)","423,912","(X)","500,759","(X)","125,086","(X)","52,791","(X)","72,295","(X)","2,014,094","(X)","921,551","(X)","1,092,543","(X)","846,329","(X)","375,183","(X)","471,146","(X)","64,392","(X)","27,831","(X)","36,561","(X)","845,930","(X)","377,866","(X)","468,064","(X)","240,027","(X)","108,708","(X)","131,319","(X)","352,568","(X)","159,009","(X)","193,559","(X)","1,077,265","(X)","487,638","(X)","589,627","(X)","103,316","(X)","48,102","(X)","55,214","(X)","350,940","(X)","149,409","(X)","201,531","(X)","60,926","(X)","27,702","(X)","33,224","(X)","507,991","(X)","223,269","(X)","284,722","(X)","2,360,117","(X)","1,079,431","(X)","1,280,686","(X)","288,776","(X)","141,268","(X)","147,508","(X)","58,736","(X)","26,613","(X)","32,123","(X)","805,381","(X)","368,729","(X)","436,652","(X)","777,287","(X)","371,845","(X)","405,442","(X)","94,331","(X)","42,592","(X)","51,739","(X)","432,159","(X)","193,559","(X)","238,600","(X)","34,781","(X)","15,830","(X)","18,951","(X)","212,918","(X)","81,660","(X)","131,258","(X)"
"            Science and Engineering","10,709,551","39.4%","5,751,130","46.5%","4,958,421","33.4%","103,862","35.1%","56,610","44.7%","47,252","27.9%","21,947","42.5%","10,980","47.5%","10,967","38.5%","190,296","38.0%","103,662","44.8%","86,634","32.2%","54,773","32.8%","30,101","41.3%","24,672","26.2%","1,610,596","46.1%","859,352","52.7%","751,244","40.3%","296,949","43.9%","162,795","49.6%","134,154","38.4%","129,218","40.0%","65,343","46.0%","63,875","35.3%","30,150","38.1%","16,293","44.5%","13,857","32.6%","88,426","54.7%","45,517","59.5%","42,909","50.3%","542,258","34.9%","286,147","41.1%","256,111","29.9%","315,976","37.5%","160,409","43.4%","155,567","32.9%","39,742","38.3%","21,770","46.3%","17,972","31.7%","40,952","32.4%","23,517","40.6%","17,435","25.5%","424,231","37.1%","232,128","43.9%","192,103","31.2%","157,218","34.2%","89,396","43.2%","67,822","26.9%","77,036","33.3%","44,482","42.6%","32,554","25.7%","78,468","35.1%","43,504","43.1%","34,964","28.5%","96,177","33.4%","52,588","41.1%","43,589","27.2%","98,493","34.3%","47,557","40.2%","50,936","30.2%","38,083","37.1%","18,819","43.1%","19,264","32.6%","258,311","44.7%","136,543","53.6%","121,768","37.7%","360,561","44.9%","188,241","51.0%","172,320","39.7%","263,180","37.5%","149,251","45.9%","113,929","30.2%","197,313","38.4%","105,976","45.4%","91,337","32.6%","47,489","33.3%","24,877","44.9%","22,612","26.0%","148,534","33.1%","81,678","41.2%","66,856","26.7%","30,552","37.6%","16,822","44.8%","13,730","31.5%","49,512","31.6%","26,810","37.3%","22,702","26.7%","67,429","36.9%","35,610","45.1%","31,819","30.6%","48,156","38.6%","26,727","44.0%","21,429","33.5%","361,209","39.1%","187,560","44.2%","173,649","34.7%","54,928","43.9%","28,739","54.4%","26,189","36.2%","768,173","38.1%","397,981","43.2%","370,192","33.9%","311,254","36.8%","161,082","42.9%","150,172","31.9%","22,072","34.3%","12,241","44.0%","9,831","26.9%","298,977","35.3%","163,461","43.3%","135,516","29.0%","79,650","33.2%","43,114","39.7%","36,536","27.8%","153,686","43.6%","77,615","48.8%","76,071","39.3%","396,001","36.8%","210,478","43.2%","185,523","31.5%","39,217","38.0%","20,788","43.2%","18,429","33.4%","118,260","33.7%","60,059","40.2%","58,201","28.9%","19,922","32.7%","11,960","43.2%","7,962","24.0%","163,988","32.3%","89,455","40.1%","74,533","26.2%","939,429","39.8%","514,874","47.7%","424,555","33.2%","100,450","34.8%","64,321","45.5%","36,129","24.5%","25,762","43.9%","13,276","49.9%","12,486","38.9%","353,962","43.9%","189,307","51.3%","164,655","37.7%","387,549","49.9%","222,103","59.7%","165,446","40.8%","32,443","34.4%","18,804","44.1%","13,639","26.4%","163,828","37.9%","92,746","47.9%","71,082","29.8%","12,903","37.1%","7,661","48.4%","5,242","27.7%","61,197","28.7%","27,708","33.9%","33,489","25.5%"
"            Science and Engineering Related Fields","2,828,647","10.4%","717,293","5.8%","2,111,354","14.2%","39,587","13.4%","8,299","6.6%","31,288","18.5%","6,027","11.7%","1,312","5.7%","4,715","16.5%","56,235","11.2%","15,017","6.5%","41,218","15.3%","24,239","14.5%","4,902","6.7%","19,337","20.5%","288,629","8.3%","84,276","5.2%","204,353","11.0%","51,306","7.6%","13,212","4.0%","38,094","10.9%","32,488","10.1%","5,971","4.2%","26,517","14.7%","8,898","11.2%","2,469","6.7%","6,429","15.1%","8,529","5.3%","2,807","3.7%","5,722","6.7%","184,595","11.9%","44,813","6.4%","139,782","16.3%","78,790","9.3%","20,227","5.5%","58,563","12.4%","12,770","12.3%","4,064","8.6%","8,706","15.4%","17,022","13.5%","4,706","8.1%","12,316","18.0%","121,685","10.6%","30,231","5.7%","91,454","14.8%","66,733","14.5%","15,051","7.3%","51,682","20.5%","25,200","10.9%","5,504","5.3%","19,696","15.5%","26,048","11.7%","5,654","5.6%","20,394","16.6%","34,873","12.1%","8,677","6.8%","26,196","16.4%","39,581","13.8%","11,309","9.6%","28,272","16.7%","12,495","12.2%","2,720","6.2%","9,775","16.6%","51,508","8.9%","12,150","4.8%","39,358","12.2%","72,316","9.0%","16,489","4.5%","55,827","12.9%","85,787","12.2%","23,939","7.4%","61,848","16.4%","54,869","10.7%","11,018","4.7%","43,851","15.6%","20,063","14.1%","4,447","8.0%","15,616","17.9%","56,837","12.7%","13,375","6.7%","43,462","17.4%","7,948","9.8%","1,985","5.3%","5,963","13.7%","19,182","12.2%","3,185","4.4%","15,997","18.8%","19,751","10.8%","5,002","6.3%","14,749","14.2%","11,413","9.2%","3,056","5.0%","8,357","13.1%","84,533","9.1%","20,692","4.9%","63,841","12.7%","13,669","10.9%","3,061","5.8%","10,608","14.7%","187,112","9.3%","53,189","5.8%","133,923","12.3%","89,884","10.6%","21,367","5.7%","68,517","14.5%","9,538","14.8%","2,184","7.8%","7,354","20.1%","118,024","14.0%","29,606","7.8%","88,418","18.9%","26,695","11.1%","7,443","6.8%","19,252","14.7%","31,823","9.0%","8,838","5.6%","22,985","11.9%","131,186","12.2%","31,413","6.4%","99,773","16.9%","11,152","10.8%","4,151","8.6%","7,001","12.7%","39,035","11.1%","9,227","6.2%","29,808","14.8%","12,062","19.8%","2,662","9.6%","9,400","28.3%","56,804","11.2%","12,905","5.8%","43,899","15.4%","243,548","10.3%","66,067","6.1%","177,481","13.9%","33,407","11.6%","8,969","6.3%","24,438","16.6%","5,381","9.2%","1,239","4.7%","4,142","12.9%","68,474","8.5%","16,791","4.6%","51,683","11.8%","63,660","8.2%","17,575","4.7%","46,085","11.4%","12,911","13.7%","2,768","6.5%","10,143","19.6%","51,317","11.9%","10,331","5.3%","40,986","17.2%","3,028","8.7%","948","6.0%","2,080","11.0%","38,410","18.0%","9,630","11.8%","28,780","21.9%"
"            Business","5,152,889","18.9%","2,725,427","22.0%","2,427,462","16.4%","59,021","19.9%","29,190","23.1%","29,831","17.6%","6,739","13.1%","3,637","15.8%","3,102","10.9%","97,511","19.5%","54,351","23.5%","43,160","16.1%","31,046","18.6%","15,888","21.8%","15,158","16.1%","582,525","16.7%","296,249","18.2%","286,276","15.4%","125,912","18.6%","71,258","21.7%","54,654","15.7%","61,494","19.0%","32,947","23.2%","28,547","15.8%","14,580","18.4%","7,680","21.0%","6,900","16.3%","20,285","12.5%","12,390","16.2%","7,895","9.3%","369,628","23.8%","196,511","28.2%","173,117","20.2%","186,707","22.1%","94,546","25.6%","92,161","19.5%","19,058","18.4%","8,188","17.4%","10,870","19.2%","24,260","19.2%","13,078","22.6%","11,182","16.3%","240,342","21.0%","130,069","24.6%","110,273","17.9%","75,246","16.4%","40,524","19.6%","34,722","13.8%","47,544","20.6%","26,340","25.2%","21,204","16.7%","44,586","19.9%","23,734","23.5%","20,852","17.0%","48,237","16.7%","26,310","20.5%","21,927","13.7%","53,591","18.7%","25,031","21.2%","28,560","16.9%","14,234","13.9%","7,680","17.6%","6,554","11.1%","97,111","16.8%","47,331","18.6%","49,780","15.4%","140,404","17.5%","76,614","20.7%","63,790","14.7%","134,471","19.2%","70,361","21.6%","64,110","17.0%","97,112","18.9%","52,604","22.5%","44,508","15.9%","23,007","16.1%","9,759","17.6%","13,248","15.2%","88,719","19.8%","46,608","23.5%","42,111","16.8%","15,624","19.3%","8,637","23.0%","6,987","16.0%","31,674","20.2%","18,017","25.1%","13,657","16.1%","36,661","20.1%","17,768","22.5%","18,893","18.2%","24,914","20.0%","13,741","22.6%","11,173","17.5%","203,403","22.0%","109,776","25.9%","93,627","18.7%","19,142","15.3%","9,281","17.6%","9,861","13.6%","377,748","18.8%","203,092","22.0%","174,656","16.0%","163,401","19.3%","83,350","22.2%","80,051","17.0%","11,229","17.4%","5,703","20.5%","5,526","15.1%","156,109","18.5%","88,052","23.3%","68,057","14.5%","50,197","20.9%","26,763","24.6%","23,434","17.8%","50,563","14.3%","28,280","17.8%","22,283","11.5%","205,283","19.1%","119,568","24.5%","85,715","14.5%","16,158","15.6%","8,533","17.7%","7,625","13.8%","69,926","19.9%","34,099","22.8%","35,827","17.8%","10,125","16.6%","5,562","20.1%","4,563","13.7%","107,044","21.1%","56,118","25.1%","50,926","17.9%","490,978","20.8%","254,258","23.6%","236,720","18.5%","50,904","17.6%","32,682","23.1%","18,222","12.4%","5,355","9.1%","2,611","9.8%","2,744","8.5%","138,803","17.2%","71,436","19.4%","67,367","15.4%","116,371","15.0%","58,456","15.7%","57,915","14.3%","13,420","14.2%","7,115","16.7%","6,305","12.2%","80,120","18.5%","41,399","21.4%","38,721","16.2%","4,367","12.6%","2,252","14.2%","2,115","11.2%","48,040","22.6%","21,247","26.0%","26,793","20.4%"
"            Education","1,772,955","6.5%","357,057","2.9%","1,415,898","9.5%","30,411","10.3%","6,258","4.9%","24,153","14.3%","3,600","7.0%","831","3.6%","2,769","9.7%","34,828","7.0%","8,637","3.7%","26,191","9.7%","15,928","9.5%","3,979","5.5%","11,949","12.7%","100,857","2.9%","17,733","1.1%","83,124","4.5%","31,837","4.7%","7,652","2.3%","24,185","6.9%","15,771","4.9%","3,326","2.3%","12,445","6.9%","7,447","9.4%","1,448","4.0%","5,999","14.1%","3,562","2.2%","853","1.1%","2,709","3.2%","96,078","6.2%","15,732","2.3%","80,346","9.4%","61,188","7.3%","11,291","3.1%","49,897","10.5%","5,669","5.5%","1,280","2.7%","4,389","7.7%","11,367","9.0%","2,388","4.1%","8,979","13.1%","78,811","6.9%","17,177","3.2%","61,634","10.0%","46,895","10.2%","11,869","5.7%","35,026","13.9%","25,876","11.2%","5,393","5.2%","20,483","16.1%","23,040","10.3%","5,259","5.2%","17,781","14.5%","27,866","9.7%","5,382","4.2%","22,484","14.0%","23,384","8.1%","5,071","4.3%","18,313","10.8%","8,384","8.2%","1,555","3.6%","6,829","11.6%","31,759","5.5%","5,416","2.1%","26,343","8.2%","35,121","4.4%","7,206","2.0%","27,915","6.4%","49,594","7.1%","10,650","3.3%","38,944","10.3%","38,542","7.5%","9,568","4.1%","28,974","10.3%","19,964","14.0%","5,443","9.8%","14,521","16.7%","43,372","9.7%","8,701","4.4%","34,671","13.9%","6,217","7.7%","1,572","4.2%","4,645","10.7%","18,646","11.9%","4,313","6.0%","14,333","16.9%","12,883","7.0%","1,693","2.1%","11,190","10.8%","8,681","7.0%","2,428","4.0%","6,253","9.8%","60,975","6.6%","12,069","2.8%","48,906","9.8%","9,335","7.5%","1,737","3.3%","7,598","10.5%","120,652","6.0%","26,944","2.9%","93,708","8.6%","59,408","7.0%","10,824","2.9%","48,584","10.3%","7,511","11.7%","926","3.3%","6,585","18.0%","80,127","9.5%","19,604","5.2%","60,523","12.9%","22,838","9.5%","4,662","4.3%","18,176","13.8%","14,015","4.0%","3,468","2.2%","10,547","5.4%","87,433","8.1%","19,708","4.0%","67,725","11.5%","6,331","6.1%","1,085","2.3%","5,246","9.5%","31,199","8.9%","5,005","3.3%","26,194","13.0%","7,505","12.3%","2,231","8.1%","5,274","15.9%","40,698","8.0%","7,336","3.3%","33,362","11.7%","151,059","6.4%","23,087","2.1%","127,972","10.0%","24,909","8.6%","3,890","2.8%","21,019","14.2%","3,656","6.2%","1,215","4.6%","2,441","7.6%","41,190","5.1%","6,575","1.8%","34,615","7.9%","31,924","4.1%","5,098","1.4%","26,826","6.6%","11,808","12.5%","3,059","7.2%","8,749","16.9%","37,506","8.7%","7,242","3.7%","30,264","12.7%","5,298","15.2%","1,188","7.5%","4,110","21.7%","24,546","11.5%","6,286","7.7%","18,260","13.9%"
"            Arts, Humanities and Others","6,748,237","24.8%","2,827,872","22.8%","3,920,365","26.4%","63,063","21.3%","26,259","20.7%","36,804","21.7%","13,289","25.8%","6,332","27.4%","6,957","24.4%","121,275","24.2%","49,631","21.5%","71,644","26.6%","40,950","24.5%","17,941","24.6%","23,009","24.4%","914,183","26.1%","374,206","22.9%","539,977","29.0%","171,054","25.3%","73,085","22.3%","97,969","28.1%","84,105","26.0%","34,584","24.3%","49,521","27.4%","18,036","22.8%","8,764","23.9%","9,272","21.8%","41,000","25.3%","14,973","19.6%","26,027","30.5%","359,250","23.2%","152,478","21.9%","206,772","24.2%","200,587","23.8%","83,499","22.6%","117,088","24.7%","26,393","25.5%","11,686","24.9%","14,707","26.0%","32,731","25.9%","14,165","24.5%","18,566","27.1%","279,821","24.4%","119,097","22.5%","160,724","26.1%","113,021","24.6%","50,149","24.2%","62,872","24.9%","55,551","24.0%","22,604","21.7%","32,947","26.0%","51,391","23.0%","22,756","22.6%","28,635","23.4%","81,107","28.1%","35,111","27.4%","45,996","28.7%","71,987","25.1%","29,223","24.7%","42,764","25.3%","29,485","28.7%","12,897","29.5%","16,588","28.1%","139,180","24.1%","53,283","20.9%","85,897","26.6%","194,678","24.2%","80,804","21.9%","113,874","26.3%","169,131","24.1%","71,185","21.9%","97,946","26.0%","125,847","24.5%","54,259","23.2%","71,588","25.5%","32,025","22.5%","10,913","19.7%","21,112","24.2%","110,843","24.7%","47,818","24.1%","63,025","25.2%","20,821","25.7%","8,561","22.8%","12,260","28.1%","37,761","24.1%","19,582","27.2%","18,179","21.4%","46,014","25.2%","18,807","23.8%","27,207","26.2%","31,484","25.3%","14,772","24.3%","16,712","26.1%","214,551","23.2%","93,815","22.1%","120,736","24.1%","28,012","22.4%","9,973","18.9%","18,039","25.0%","560,409","27.8%","240,345","26.1%","320,064","29.3%","222,382","26.3%","98,560","26.3%","123,822","26.3%","14,042","21.8%","6,777","24.4%","7,265","19.9%","192,693","22.8%","77,143","20.4%","115,550","24.7%","60,647","25.3%","26,726","24.6%","33,921","25.8%","102,481","29.1%","40,808","25.7%","61,673","31.9%","257,362","23.9%","106,471","21.8%","150,891","25.6%","30,458","29.5%","13,545","28.2%","16,913","30.6%","92,520","26.4%","41,019","27.5%","51,501","25.6%","11,312","18.6%","5,287","19.1%","6,025","18.1%","139,457","27.5%","57,455","25.7%","82,002","28.8%","535,103","22.7%","221,145","20.5%","313,958","24.5%","79,106","27.4%","31,406","22.2%","47,700","32.3%","18,582","31.6%","8,272","31.1%","10,310","32.1%","202,952","25.2%","84,620","22.9%","118,332","27.1%","177,783","22.9%","68,613","18.5%","109,170","26.9%","23,749","25.2%","10,846","25.5%","12,903","24.9%","99,388","23.0%","41,841","21.6%","57,547","24.1%","9,185","26.4%","3,781","23.9%","5,404","28.5%","40,725","19.1%","16,789","20.6%","23,936","18.2%"
"        40 to 64 years","36,880,396","(X)","17,310,406","(X)","19,569,990","(X)","468,223","(X)","212,316","(X)","255,907","(X)","67,510","(X)","32,808","(X)","34,702","(X)","717,835","(X)","350,377","(X)","367,458","(X)","234,532","(X)","103,159","(X)","131,373","(X)","4,363,732","(X)","2,126,987","(X)","2,236,745","(X)","815,866","(X)","392,928","(X)","422,938","(X)","501,348","(X)","229,414","(X)","271,934","(X)","111,577","(X)","49,063","(X)","62,514","(X)","109,228","(X)","54,904","(X)","54,324","(X)","2,425,464","(X)","1,125,825","(X)","1,299,639","(X)","1,221,773","(X)","555,959","(X)","665,814","(X)","161,257","(X)","73,892","(X)","87,365","(X)","185,803","(X)","89,550","(X)","96,253","(X)","1,480,313","(X)","698,759","(X)","781,554","(X)","621,481","(X)","291,023","(X)","330,458","(X)","312,052","(X)","143,577","(X)","168,475","(X)","311,331","(X)","146,807","(X)","164,524","(X)","395,525","(X)","180,628","(X)","214,897","(X)","367,559","(X)","153,428","(X)","214,131","(X)","158,560","(X)","68,795","(X)","89,765","(X)","903,581","(X)","415,967","(X)","487,614","(X)","1,026,720","(X)","487,337","(X)","539,383","(X)","1,030,435","(X)","482,687","(X)","547,748","(X)","704,199","(X)","335,855","(X)","368,344","(X)","229,739","(X)","93,421","(X)","136,318","(X)","618,537","(X)","282,247","(X)","336,290","(X)","118,249","(X)","53,399","(X)","64,850","(X)","195,028","(X)","89,907","(X)","105,121","(X)","266,451","(X)","128,138","(X)","138,313","(X)","191,522","(X)","89,372","(X)","102,150","(X)","1,329,465","(X)","636,262","(X)","693,203","(X)","189,681","(X)","83,202","(X)","106,479","(X)","2,395,080","(X)","1,093,927","(X)","1,301,153","(X)","1,225,942","(X)","549,553","(X)","676,389","(X)","66,205","(X)","28,846","(X)","37,359","(X)","1,196,774","(X)","550,209","(X)","646,565","(X)","344,380","(X)","159,815","(X)","184,565","(X)","474,654","(X)","223,498","(X)","251,156","(X)","1,439,073","(X)","677,575","(X)","761,498","(X)","136,362","(X)","64,333","(X)","72,029","(X)","543,032","(X)","246,343","(X)","296,689","(X)","85,307","(X)","37,909","(X)","47,398","(X)","690,371","(X)","314,882","(X)","375,489","(X)","3,081,963","(X)","1,488,444","(X)","1,593,519","(X)","346,692","(X)","185,223","(X)","161,469","(X)","89,730","(X)","38,795","(X)","50,935","(X)","1,192,418","(X)","566,808","(X)","625,610","(X)","918,278","(X)","451,723","(X)","466,555","(X)","140,892","(X)","64,378","(X)","76,514","(X)","623,949","(X)","285,253","(X)","338,696","(X)","54,718","(X)","24,899","(X)","29,819","(X)","349,212","(X)","130,843","(X)","218,369","(X)"
"            Science and Engineering","12,932,573","35.1%","7,550,265","43.6%","5,382,308","27.5%","140,684","30.0%","86,186","40.6%","54,498","21.3%","25,361","37.6%","16,102","49.1%","9,259","26.7%","239,851","33.4%","140,383","40.1%","99,468","27.1%","69,671","29.7%","39,585","38.4%","30,086","22.9%","1,811,231","41.5%","1,054,784","49.6%","756,447","33.8%","338,932","41.5%","194,628","49.5%","144,304","34.1%","180,442","36.0%","99,687","43.5%","80,755","29.7%","38,179","34.2%","21,041","42.9%","17,138","27.4%","50,176","45.9%","27,284","49.7%","22,892","42.1%","762,197","31.4%","444,753","39.5%","317,444","24.4%","400,319","32.8%","219,986","39.6%","180,333","27.1%","60,918","37.8%","33,525","45.4%","27,393","31.4%","63,217","34.0%","39,584","44.2%","23,633","24.6%","484,882","32.8%","292,108","41.8%","192,774","24.7%","182,876","29.4%","110,924","38.1%","71,952","21.8%","89,999","28.8%","55,648","38.8%","34,351","20.4%","92,480","29.7%","56,913","38.8%","35,567","21.6%","113,882","28.8%","68,076","37.7%","45,806","21.3%","102,393","27.9%","52,612","34.3%","49,781","23.2%","53,747","33.9%","28,072","40.8%","25,675","28.6%","372,607","41.2%","205,499","49.4%","167,108","34.3%","417,781","40.7%","234,280","48.1%","183,501","34.0%","345,578","33.5%","210,948","43.7%","134,630","24.6%","235,676","33.5%","142,216","42.3%","93,460","25.4%","60,043","26.1%","32,337","34.6%","27,706","20.3%","180,172","29.1%","109,716","38.9%","70,456","21.0%","44,134","37.3%","26,421","49.5%","17,713","27.3%","54,972","28.2%","33,341","37.1%","21,631","20.6%","82,745","31.1%","49,961","39.0%","32,784","23.7%","73,302","38.3%","43,333","48.5%","29,969","29.3%","502,391","37.8%","290,798","45.7%","211,593","30.5%","66,074","34.8%","38,473","46.2%","27,601","25.9%","808,563","33.8%","451,105","41.2%","357,458","27.5%","414,022","33.8%","231,619","42.1%","182,403","27.0%","17,283","26.1%","10,342","35.9%","6,941","18.6%","379,335","31.7%","226,154","41.1%","153,181","23.7%","93,737","27.2%","56,460","35.3%","37,277","20.2%","190,465","40.1%","104,515","46.8%","85,950","34.2%","479,854","33.3%","282,870","41.7%","196,984","25.9%","47,698","35.0%","25,761","40.0%","21,937","30.5%","164,741","30.3%","96,909","39.3%","67,832","22.9%","25,977","30.5%","16,254","42.9%","9,723","20.5%","201,955","29.3%","116,960","37.1%","84,995","22.6%","1,093,363","35.5%","674,782","45.3%","418,581","26.3%","116,066","33.5%","79,359","42.8%","36,707","22.7%","35,146","39.2%","18,812","48.5%","16,334","32.1%","481,702","40.4%","272,263","48.0%","209,439","33.5%","389,151","42.4%","233,703","51.7%","155,448","33.3%","40,701","28.9%","25,033","38.9%","15,668","20.5%","196,326","31.5%","116,061","40.7%","80,265","23.7%","19,576","35.8%","12,099","48.6%","7,477","25.1%","90,769","26.0%","45,227","34.6%","45,542","20.9%"
"            Science and Engineering Related Fields","3,568,232","9.7%","990,875","5.7%","2,577,357","13.2%","47,201","10.1%","11,131","5.2%","36,070","14.1%","5,388","8.0%","1,588","4.8%","3,800","11.0%","67,850","9.5%","21,529","6.1%","46,321","12.6%","26,433","11.3%","6,851","6.6%","19,582","14.9%","366,259","8.4%","119,300","5.6%","246,959","11.0%","65,795","8.1%","18,441","4.7%","47,354","11.2%","42,386","8.5%","11,873","5.2%","30,513","11.2%","10,808","9.7%","2,950","6.0%","7,858","12.6%","4,141","3.8%","1,554","2.8%","2,587","4.8%","274,141","11.3%","75,536","6.7%","198,605","15.3%","113,798","9.3%","32,610","5.9%","81,188","12.2%","15,667","9.7%","5,029","6.8%","10,638","12.2%","23,134","12.5%","5,304","5.9%","17,830","18.5%","142,317","9.6%","40,275","5.8%","102,042","13.1%","78,325","12.6%","22,822","7.8%","55,503","16.8%","30,634","9.8%","7,590","5.3%","23,044","13.7%","31,340","10.1%","8,615","5.9%","22,725","13.8%","47,755","12.1%","10,316","5.7%","37,439","17.4%","50,462","13.7%","14,168","9.2%","36,294","16.9%","15,670","9.9%","4,691","6.8%","10,979","12.2%","78,630","8.7%","22,404","5.4%","56,226","11.5%","78,383","7.6%","19,783","4.1%","58,600","10.9%","113,517","11.0%","31,999","6.6%","81,518","14.9%","68,731","9.8%","18,266","5.4%","50,465","13.7%","29,502","12.8%","6,917","7.4%","22,585","16.6%","69,264","11.2%","17,544","6.2%","51,720","15.4%","14,575","12.3%","3,842","7.2%","10,733","16.6%","21,571","11.1%","4,350","4.8%","17,221","16.4%","23,217","8.7%","6,611","5.2%","16,606","12.0%","18,299","9.6%","4,004","4.5%","14,295","14.0%","116,585","8.8%","33,700","5.3%","82,885","12.0%","18,421","9.7%","4,713","5.7%","13,708","12.9%","218,341","9.1%","57,334","5.2%","161,007","12.4%","124,763","10.2%","31,084","5.7%","93,679","13.8%","10,479","15.8%","2,242","7.8%","8,237","22.0%","135,924","11.4%","30,845","5.6%","105,079","16.3%","36,975","10.7%","10,829","6.8%","26,146","14.2%","40,611","8.6%","12,429","5.6%","28,182","11.2%","156,010","10.8%","38,633","5.7%","117,377","15.4%","14,804","10.9%","4,220","6.6%","10,584","14.7%","56,852","10.5%","13,448","5.5%","43,404","14.6%","10,751","12.6%","2,560","6.8%","8,191","17.3%","73,979","10.7%","18,613","5.9%","55,366","14.7%","278,916","9.0%","84,691","5.7%","194,225","12.2%","34,311","9.9%","12,585","6.8%","21,726","13.5%","7,851","8.7%","1,851","4.8%","6,000","11.8%","88,496","7.4%","24,618","4.3%","63,878","10.2%","75,169","8.2%","22,833","5.1%","52,336","11.2%","21,366","15.2%","5,366","8.3%","16,000","20.9%","67,085","10.8%","18,904","6.6%","48,181","14.2%","5,350","9.8%","1,484","6.0%","3,866","13.0%","39,906","11.4%","11,559","8.8%","28,347","13.0%"
"            Business","8,379,499","22.7%","4,286,671","24.8%","4,092,828","20.9%","120,994","25.8%","59,189","27.9%","61,805","24.2%","12,513","18.5%","6,654","20.3%","5,859","16.9%","181,212","25.2%","101,252","28.9%","79,960","21.8%","54,352","23.2%","26,584","25.8%","27,768","21.1%","851,189","19.5%","428,937","20.2%","422,252","18.9%","165,311","20.3%","86,170","21.9%","79,141","18.7%","113,152","22.6%","57,175","24.9%","55,977","20.6%","29,905","26.8%","13,912","28.4%","15,993","25.6%","15,440","14.1%","8,108","14.8%","7,332","13.5%","663,914","27.4%","337,210","30.0%","326,704","25.1%","316,332","25.9%","154,951","27.9%","161,381","24.2%","35,061","21.7%","16,251","22.0%","18,810","21.5%","37,751","20.3%","21,222","23.7%","16,529","17.2%","351,502","23.7%","174,109","24.9%","177,393","22.7%","149,071","24.0%","74,062","25.4%","75,009","22.7%","74,097","23.7%","39,619","27.6%","34,478","20.5%","76,151","24.5%","40,509","27.6%","35,642","21.7%","88,650","22.4%","47,007","26.0%","41,643","19.4%","77,781","21.2%","38,326","25.0%","39,455","18.4%","24,455","15.4%","12,322","17.9%","12,133","13.5%","188,402","20.9%","90,053","21.6%","98,349","20.2%","201,908","19.7%","104,660","21.5%","97,248","18.0%","252,108","24.5%","123,246","25.5%","128,862","23.5%","162,732","23.1%","86,350","25.7%","76,382","20.7%","61,423","26.7%","30,196","32.3%","31,227","22.9%","145,809","23.6%","74,505","26.4%","71,304","21.2%","20,707","17.5%","9,630","18.0%","11,077","17.1%","49,804","25.5%","26,863","29.9%","22,941","21.8%","73,137","27.4%","37,549","29.3%","35,588","25.7%","38,471","20.1%","18,112","20.3%","20,359","19.9%","305,966","23.0%","162,800","25.6%","143,166","20.7%","35,695","18.8%","17,649","21.2%","18,046","16.9%","504,852","21.1%","253,041","23.1%","251,811","19.4%","289,078","23.6%","145,861","26.5%","143,217","21.2%","14,352","21.7%","6,977","24.2%","7,375","19.7%","282,606","23.6%","155,890","28.3%","126,716","19.6%","83,184","24.2%","41,235","25.8%","41,949","22.7%","78,055","16.4%","42,412","19.0%","35,643","14.2%","320,087","22.2%","172,675","25.5%","147,412","19.4%","25,915","19.0%","15,157","23.6%","10,758","14.9%","140,289","25.8%","71,009","28.8%","69,280","23.4%","18,005","21.1%","8,873","23.4%","9,132","19.3%","185,551","26.9%","94,347","30.0%","91,204","24.3%","778,514","25.3%","401,108","26.9%","377,406","23.7%","74,929","21.6%","49,909","26.9%","25,020","15.5%","12,643","14.1%","5,734","14.8%","6,909","13.6%","251,171","21.1%","124,800","22.0%","126,371","20.2%","165,927","18.1%","84,493","18.7%","81,434","17.5%","28,935","20.5%","14,180","22.0%","14,755","19.3%","140,972","22.6%","68,803","24.1%","72,169","21.3%","9,439","17.3%","4,985","20.0%","4,454","14.9%","119,905","34.3%","47,387","36.2%","72,518","33.2%"
"            Education","3,626,293","9.8%","800,848","4.6%","2,825,445","14.4%","65,175","13.9%","13,030","6.1%","52,145","20.4%","8,891","13.2%","2,013","6.1%","6,878","19.8%","73,034","10.2%","17,058","4.9%","55,976","15.2%","36,864","15.7%","7,923","7.7%","28,941","22.0%","215,954","4.9%","50,678","2.4%","165,276","7.4%","52,956","6.5%","10,302","2.6%","42,654","10.1%","44,194","8.8%","9,179","4.0%","35,015","12.9%","12,769","11.4%","2,553","5.2%","10,216","16.3%","3,269","3.0%","1,131","2.1%","2,138","3.9%","238,181","9.8%","48,288","4.3%","189,893","14.6%","127,067","10.4%","28,136","5.1%","98,931","14.9%","15,419","9.6%","4,350","5.9%","11,069","12.7%","23,404","12.6%","5,733","6.4%","17,671","18.4%","156,029","10.5%","37,499","5.4%","118,530","15.2%","79,804","12.8%","20,827","7.2%","58,977","17.8%","50,383","16.1%","13,325","9.3%","37,058","22.0%","43,902","14.1%","10,592","7.2%","33,310","20.2%","52,641","13.3%","11,929","6.6%","40,712","18.9%","50,354","13.7%","9,390","6.1%","40,964","19.1%","17,931","11.3%","3,843","5.6%","14,088","15.7%","70,774","7.8%","12,065","2.9%","58,709","12.0%","71,583","7.0%","13,888","2.8%","57,695","10.7%","110,700","10.7%","26,665","5.5%","84,035","15.3%","76,553","10.9%","21,041","6.3%","55,512","15.1%","35,071","15.3%","6,171","6.6%","28,900","21.2%","84,871","13.7%","18,771","6.7%","66,100","19.7%","13,929","11.8%","2,658","5.0%","11,271","17.4%","30,157","15.5%","8,063","9.0%","22,094","21.0%","27,374","10.3%","7,525","5.9%","19,849","14.4%","16,616","8.7%","4,208","4.7%","12,408","12.1%","109,920","8.3%","21,646","3.4%","88,274","12.7%","22,366","11.8%","4,342","5.2%","18,024","16.9%","229,958","9.6%","51,443","4.7%","178,515","13.7%","121,577","9.9%","24,636","4.5%","96,941","14.3%","10,832","16.4%","2,952","10.2%","7,880","21.1%","147,947","12.4%","33,512","6.1%","114,435","17.7%","53,743","15.6%","14,179","8.9%","39,564","21.4%","35,088","7.4%","8,361","3.7%","26,727","10.6%","172,756","12.0%","44,572","6.6%","128,184","16.8%","12,451","9.1%","3,505","5.4%","8,946","12.4%","67,182","12.4%","10,989","4.5%","56,193","18.9%","15,531","18.2%","3,569","9.4%","11,962","25.2%","78,568","11.4%","15,274","4.9%","63,294","16.9%","308,495","10.0%","54,276","3.6%","254,219","16.0%","38,810","11.2%","7,214","3.9%","31,596","19.6%","7,689","8.6%","1,550","4.0%","6,139","12.1%","97,407","8.2%","22,528","4.0%","74,879","12.0%","77,419","8.4%","18,423","4.1%","58,996","12.6%","21,810","15.5%","7,143","11.1%","14,667","19.2%","81,190","13.0%","19,992","7.0%","61,198","18.1%","9,705","17.7%","1,908","7.7%","7,797","26.1%","54,016","15.5%","11,089","8.5%","42,927","19.7%"
"            Arts, Humanities and Others","8,373,799","22.7%","3,681,747","21.3%","4,692,052","24.0%","94,169","20.1%","42,780","20.1%","51,389","20.1%","15,357","22.7%","6,451","19.7%","8,906","25.7%","155,888","21.7%","70,155","20.0%","85,733","23.3%","47,212","20.1%","22,216","21.5%","24,996","19.0%","1,119,099","25.6%","473,288","22.3%","645,811","28.9%","192,872","23.6%","83,387","21.2%","109,485","25.9%","121,174","24.2%","51,500","22.4%","69,674","25.6%","19,916","17.8%","8,607","17.5%","11,309","18.1%","36,202","33.1%","16,827","30.6%","19,375","35.7%","487,031","20.1%","220,038","19.5%","266,993","20.5%","264,257","21.6%","120,276","21.6%","143,981","21.6%","34,192","21.2%","14,737","19.9%","19,455","22.3%","38,297","20.6%","17,707","19.8%","20,590","21.4%","345,583","23.3%","154,768","22.1%","190,815","24.4%","131,405","21.1%","62,388","21.4%","69,017","20.9%","66,939","21.5%","27,395","19.1%","39,544","23.5%","67,458","21.7%","30,178","20.6%","37,280","22.7%","92,597","23.4%","43,300","24.0%","49,297","22.9%","86,569","23.6%","38,932","25.4%","47,637","22.2%","46,757","29.5%","19,867","28.9%","26,890","30.0%","193,168","21.4%","85,946","20.7%","107,222","22.0%","257,065","25.0%","114,726","23.5%","142,339","26.4%","208,532","20.2%","89,829","18.6%","118,703","21.7%","160,507","22.8%","67,982","20.2%","92,525","25.1%","43,700","19.0%","17,800","19.1%","25,900","19.0%","138,421","22.4%","61,711","21.9%","76,710","22.8%","24,904","21.1%","10,848","20.3%","14,056","21.7%","38,524","19.8%","17,290","19.2%","21,234","20.2%","59,978","22.5%","26,492","20.7%","33,486","24.2%","44,834","23.4%","19,715","22.1%","25,119","24.6%","294,603","22.2%","127,318","20.0%","167,285","24.1%","47,125","24.8%","18,025","21.7%","29,100","27.3%","633,366","26.4%","281,004","25.7%","352,362","27.1%","276,502","22.6%","116,353","21.2%","160,149","23.7%","13,259","20.0%","6,333","22.0%","6,926","18.5%","250,962","21.0%","103,808","18.9%","147,154","22.8%","76,741","22.3%","37,112","23.2%","39,629","21.5%","130,435","27.5%","55,781","25.0%","74,654","29.7%","310,366","21.6%","138,825","20.5%","171,541","22.5%","35,494","26.0%","15,690","24.4%","19,804","27.5%","113,968","21.0%","53,988","21.9%","59,980","20.2%","15,043","17.6%","6,653","17.5%","8,390","17.7%","150,318","21.8%","69,688","22.1%","80,630","21.5%","622,675","20.2%","273,587","18.4%","349,088","21.9%","82,576","23.8%","36,156","19.5%","46,420","28.7%","26,401","29.4%","10,848","28.0%","15,553","30.5%","273,642","22.9%","122,599","21.6%","151,043","24.1%","210,612","22.9%","92,271","20.4%","118,341","25.4%","28,080","19.9%","12,656","19.7%","15,424","20.2%","138,376","22.2%","61,493","21.6%","76,883","22.7%","10,648","19.5%","4,423","17.8%","6,225","20.9%","44,616","12.8%","15,581","11.9%","29,035","13.3%"
"        65 years and over","17,815,659","(X)","8,990,342","(X)","8,825,317","(X)","236,624","(X)","117,534","(X)","119,090","(X)","30,534","(X)","15,263","(X)","15,271","(X)","448,159","(X)","235,377","(X)","212,782","(X)","121,339","(X)","58,133","(X)","63,206","(X)","2,075,419","(X)","1,041,091","(X)","1,034,328","(X)","382,208","(X)","195,998","(X)","186,210","(X)","241,980","(X)","119,238","(X)","122,742","(X)","73,696","(X)","37,548","(X)","36,148","(X)","42,244","(X)","20,537","(X)","21,707","(X)","1,541,145","(X)","810,304","(X)","730,841","(X)","479,093","(X)","239,262","(X)","239,831","(X)","97,815","(X)","48,243","(X)","49,572","(X)","101,033","(X)","53,799","(X)","47,234","(X)","650,215","(X)","316,316","(X)","333,899","(X)","276,418","(X)","142,107","(X)","134,311","(X)","154,547","(X)","77,478","(X)","77,069","(X)","157,679","(X)","79,785","(X)","77,894","(X)","177,551","(X)","89,952","(X)","87,599","(X)","185,511","(X)","93,344","(X)","92,167","(X)","110,317","(X)","53,957","(X)","56,360","(X)","397,255","(X)","196,363","(X)","200,892","(X)","477,909","(X)","233,995","(X)","243,914","(X)","509,254","(X)","256,338","(X)","252,916","(X)","315,829","(X)","156,497","(X)","159,332","(X)","113,899","(X)","53,070","(X)","60,829","(X)","297,175","(X)","149,248","(X)","147,927","(X)","72,331","(X)","38,698","(X)","33,633","(X)","98,714","(X)","50,297","(X)","48,417","(X)","152,023","(X)","80,885","(X)","71,138","(X)","107,100","(X)","55,151","(X)","51,949","(X)","567,472","(X)","288,391","(X)","279,081","(X)","127,830","(X)","62,442","(X)","65,388","(X)","1,147,387","(X)","545,885","(X)","601,502","(X)","575,728","(X)","282,054","(X)","293,674","(X)","33,244","(X)","15,959","(X)","17,285","(X)","557,675","(X)","283,566","(X)","274,109","(X)","174,510","(X)","89,812","(X)","84,698","(X)","279,017","(X)","141,749","(X)","137,268","(X)","693,355","(X)","351,433","(X)","341,922","(X)","68,734","(X)","35,161","(X)","33,573","(X)","300,531","(X)","156,716","(X)","143,815","(X)","45,084","(X)","22,293","(X)","22,791","(X)","315,598","(X)","161,611","(X)","153,987","(X)","1,209,328","(X)","628,589","(X)","580,739","(X)","139,581","(X)","78,196","(X)","61,385","(X)","58,373","(X)","27,308","(X)","31,065","(X)","524,235","(X)","264,848","(X)","259,387","(X)","464,118","(X)","236,339","(X)","227,779","(X)","77,863","(X)","38,012","(X)","39,851","(X)","302,313","(X)","150,012","(X)","152,301","(X)","28,667","(X)","14,158","(X)","14,509","(X)","155,589","(X)","65,475","(X)","90,114","(X)"
"            Science and Engineering","5,728,010","32.2%","3,925,261","43.7%","1,802,749","20.4%","59,476","25.1%","43,484","37.0%","15,992","13.4%","11,424","37.4%","8,437","55.3%","2,987","19.6%","140,388","31.3%","98,280","41.8%","42,108","19.8%","29,801","24.6%","21,106","36.3%","8,695","13.8%","795,332","38.3%","521,843","50.1%","273,489","26.4%","141,941","37.1%","98,093","50.0%","43,848","23.5%","82,250","34.0%","53,505","44.9%","28,745","23.4%","27,632","37.5%","18,565","49.4%","9,067","25.1%","16,861","39.9%","9,835","47.9%","7,026","32.4%","471,485","30.6%","331,830","41.0%","139,655","19.1%","144,899","30.2%","96,613","40.4%","48,286","20.1%","34,508","35.3%","23,469","48.6%","11,039","22.3%","30,607","30.3%","22,632","42.1%","7,975","16.9%","194,152","29.9%","128,893","40.7%","65,259","19.5%","70,028","25.3%","51,834","36.5%","18,194","13.5%","40,386","26.1%","30,048","38.8%","10,338","13.4%","40,294","25.6%","28,207","35.4%","12,087","15.5%","47,239","26.6%","35,819","39.8%","11,420","13.0%","47,893","25.8%","34,410","36.9%","13,483","14.6%","36,718","33.3%","23,800","44.1%","12,918","22.9%","156,415","39.4%","101,999","51.9%","54,416","27.1%","168,231","35.2%","107,460","45.9%","60,771","24.9%","153,301","30.1%","108,378","42.3%","44,923","17.8%","92,646","29.3%","64,197","41.0%","28,449","17.9%","26,464","23.2%","19,364","36.5%","7,100","11.7%","83,810","28.2%","61,243","41.0%","22,567","15.3%","22,321","30.9%","17,718","45.8%","4,603","13.7%","24,419","24.7%","16,748","33.3%","7,671","15.8%","51,514","33.9%","37,899","46.9%","13,615","19.1%","38,131","35.6%","25,047","45.4%","13,084","25.2%","194,596","34.3%","129,822","45.0%","64,774","23.2%","43,453","34.0%","28,626","45.8%","14,827","22.7%","374,821","32.7%","236,443","43.3%","138,378","23.0%","186,481","32.4%","122,487","43.4%","63,994","21.8%","8,108","24.4%","6,931","43.4%","1,177","6.8%","147,233","26.4%","107,285","37.8%","39,948","14.6%","41,896","24.0%","29,924","33.3%","11,972","14.1%","99,467","35.6%","67,944","47.9%","31,523","23.0%","221,065","31.9%","152,566","43.4%","68,499","20.0%","20,814","30.3%","13,831","39.3%","6,983","20.8%","90,636","30.2%","65,375","41.7%","25,261","17.6%","13,327","29.6%","9,753","43.7%","3,574","15.7%","94,328","29.9%","68,800","42.6%","25,528","16.6%","375,820","31.1%","269,246","42.8%","106,574","18.4%","44,900","32.2%","34,271","43.8%","10,629","17.3%","19,975","34.2%","12,898","47.2%","7,077","22.8%","186,624","35.6%","129,008","48.7%","57,616","22.2%","170,078","36.6%","116,084","49.1%","53,994","23.7%","18,492","23.7%","13,260","34.9%","5,232","13.1%","85,687","28.3%","62,955","42.0%","22,732","14.9%","9,643","33.6%","6,996","49.4%","2,647","18.2%","39,513","25.4%","22,658","34.6%","16,855","18.7%"
"            Science and Engineering Related Fields","1,725,363","9.7%","507,401","5.6%","1,217,962","13.8%","22,356","9.4%","7,461","6.3%","14,895","12.5%","3,290","10.8%","723","4.7%","2,567","16.8%","45,840","10.2%","14,640","6.2%","31,200","14.7%","13,007","10.7%","4,605","7.9%","8,402","13.3%","193,584","9.3%","57,721","5.5%","135,863","13.1%","34,200","8.9%","9,773","5.0%","24,427","13.1%","20,221","8.4%","5,292","4.4%","14,929","12.2%","7,520","10.2%","1,462","3.9%","6,058","16.8%","2,608","6.2%","1,076","5.2%","1,532","7.1%","155,964","10.1%","50,086","6.2%","105,878","14.5%","48,141","10.0%","15,147","6.3%","32,994","13.8%","9,019","9.2%","2,225","4.6%","6,794","13.7%","10,789","10.7%","3,459","6.4%","7,330","15.5%","73,543","11.3%","19,601","6.2%","53,942","16.2%","33,235","12.0%","10,978","7.7%","22,257","16.6%","15,900","10.3%","4,109","5.3%","11,791","15.3%","14,593","9.3%","4,540","5.7%","10,053","12.9%","18,440","10.4%","5,101","5.7%","13,339","15.2%","19,559","10.5%","6,836","7.3%","12,723","13.8%","10,377","9.4%","3,871","7.2%","6,506","11.5%","34,368","8.7%","9,213","4.7%","25,155","12.5%","42,072","8.8%","10,802","4.6%","31,270","12.8%","54,972","10.8%","17,054","6.7%","37,918","15.0%","34,540","10.9%","8,943","5.7%","25,597","16.1%","10,871","9.5%","3,321","6.3%","7,550","12.4%","30,080","10.1%","8,500","5.7%","21,580","14.6%","8,410","11.6%","2,134","5.5%","6,276","18.7%","11,181","11.3%","3,711","7.4%","7,470","15.4%","16,508","10.9%","3,707","4.6%","12,801","18.0%","8,665","8.1%","2,315","4.2%","6,350","12.2%","51,364","9.1%","12,509","4.3%","38,855","13.9%","9,379","7.3%","2,919","4.7%","6,460","9.9%","107,950","9.4%","28,214","5.2%","79,736","13.3%","53,219","9.2%","14,647","5.2%","38,572","13.1%","4,418","13.3%","776","4.9%","3,642","21.1%","56,954","10.2%","18,871","6.7%","38,083","13.9%","15,338","8.8%","5,759","6.4%","9,579","11.3%","25,812","9.3%","7,368","5.2%","18,444","13.4%","71,029","10.2%","17,710","5.0%","53,319","15.6%","6,332","9.2%","1,214","3.5%","5,118","15.2%","28,279","9.4%","7,979","5.1%","20,300","14.1%","4,994","11.1%","2,034","9.1%","2,960","13.0%","30,828","9.8%","10,234","6.3%","20,594","13.4%","101,632","8.4%","34,035","5.4%","67,597","11.6%","11,110","8.0%","4,065","5.2%","7,045","11.5%","4,951","8.5%","959","3.5%","3,992","12.9%","44,984","8.6%","11,797","4.5%","33,187","12.8%","43,885","9.5%","13,705","5.8%","30,180","13.2%","8,386","10.8%","2,889","7.6%","5,497","13.8%","37,590","12.4%","10,588","7.1%","27,002","17.7%","3,076","10.7%","723","5.1%","2,353","16.2%","14,036","9.0%","3,988","6.1%","10,048","11.2%"
"            Business","3,006,916","16.9%","2,037,502","22.7%","969,414","11.0%","49,383","20.9%","32,871","28.0%","16,512","13.9%","2,653","8.7%","1,370","9.0%","1,283","8.4%","86,529","19.3%","59,746","25.4%","26,783","12.6%","22,958","18.9%","15,239","26.2%","7,719","12.2%","324,069","15.6%","197,725","19.0%","126,344","12.2%","60,769","15.9%","40,181","20.5%","20,588","11.1%","35,367","14.6%","24,820","20.8%","10,547","8.6%","12,426","16.9%","8,776","23.4%","3,650","10.1%","4,426","10.5%","2,347","11.4%","2,079","9.6%","326,952","21.2%","228,992","28.3%","97,960","13.4%","95,006","19.8%","65,773","27.5%","29,233","12.2%","16,653","17.0%","10,111","21.0%","6,542","13.2%","15,502","15.3%","11,731","21.8%","3,771","8.0%","104,574","16.1%","73,849","23.3%","30,725","9.2%","48,821","17.7%","34,467","24.3%","14,354","10.7%","22,571","14.6%","16,109","20.8%","6,462","8.4%","28,474","18.1%","19,794","24.8%","8,680","11.1%","33,148","18.7%","24,127","26.8%","9,021","10.3%","32,480","17.5%","22,687","24.3%","9,793","10.6%","11,653","10.6%","7,942","14.7%","3,711","6.6%","59,126","14.9%","37,111","18.9%","22,015","11.0%","61,096","12.8%","42,905","18.3%","18,191","7.5%","86,302","16.9%","56,818","22.2%","29,484","11.7%","46,757","14.8%","32,421","20.7%","14,336","9.0%","20,867","18.3%","13,201","24.9%","7,666","12.6%","52,995","17.8%","35,327","23.7%","17,668","11.9%","8,870","12.3%","5,882","15.2%","2,988","8.9%","16,940","17.2%","12,898","25.6%","4,042","8.3%","30,809","20.3%","21,731","26.9%","9,078","12.8%","15,590","14.6%","11,189","20.3%","4,401","8.5%","98,443","17.3%","69,460","24.1%","28,983","10.4%","17,346","13.6%","9,984","16.0%","7,362","11.3%","153,687","13.4%","100,340","18.4%","53,347","8.9%","97,429","16.9%","67,916","24.1%","29,513","10.0%","5,717","17.2%","3,687","23.1%","2,030","11.7%","101,554","18.2%","72,055","25.4%","29,499","10.8%","38,194","21.9%","25,720","28.6%","12,474","14.7%","36,888","13.2%","24,219","17.1%","12,669","9.2%","104,175","15.0%","74,766","21.3%","29,409","8.6%","10,921","15.9%","8,076","23.0%","2,845","8.5%","61,805","20.6%","42,698","27.2%","19,107","13.3%","5,319","11.8%","3,934","17.6%","1,385","6.1%","59,855","19.0%","38,852","24.0%","21,003","13.6%","251,415","20.8%","170,920","27.2%","80,495","13.9%","22,942","16.4%","18,771","24.0%","4,171","6.8%","5,661","9.7%","3,923","14.4%","1,738","5.6%","80,801","15.4%","52,894","20.0%","27,907","10.8%","61,773","13.3%","40,114","17.0%","21,659","9.5%","11,958","15.4%","7,838","20.6%","4,120","10.3%","44,320","14.7%","30,889","20.6%","13,431","8.8%","2,947","10.3%","2,306","16.3%","641","4.4%","39,101","25.1%","20,491","31.3%","18,610","20.7%"
"            Education","3,662,661","20.6%","898,737","10.0%","2,763,924","31.3%","60,816","25.7%","12,581","10.7%","48,235","40.5%","6,709","22.0%","1,619","10.6%","5,090","33.3%","92,146","20.6%","26,187","11.1%","65,959","31.0%","34,299","28.3%","7,861","13.5%","26,438","41.8%","262,625","12.7%","62,306","6.0%","200,319","19.4%","65,034","17.0%","15,569","7.9%","49,465","26.6%","43,869","18.1%","8,468","7.1%","35,401","28.8%","13,569","18.4%","3,280","8.7%","10,289","28.5%","3,624","8.6%","924","4.5%","2,700","12.4%","314,702","20.4%","73,961","9.1%","240,741","32.9%","99,195","20.7%","20,913","8.7%","78,282","32.6%","18,255","18.7%","3,417","7.1%","14,838","29.9%","24,549","24.3%","5,857","10.9%","18,692","39.6%","147,768","22.7%","37,039","11.7%","110,729","33.2%","74,881","27.1%","23,146","16.3%","51,735","38.5%","46,824","30.3%","14,414","18.6%","32,410","42.1%","41,525","26.3%","11,701","14.7%","29,824","38.3%","43,557","24.5%","10,056","11.2%","33,501","38.2%","51,226","27.6%","12,815","13.7%","38,411","41.7%","21,624","19.6%","5,428","10.1%","16,196","28.7%","63,502","16.0%","13,003","6.6%","50,499","25.1%","88,579","18.5%","19,745","8.4%","68,834","28.2%","119,302","23.4%","32,435","12.7%","86,867","34.3%","73,225","23.2%","21,113","13.5%","52,112","32.7%","35,939","31.6%","8,204","15.5%","27,735","45.6%","73,743","24.8%","17,573","11.8%","56,170","38.0%","18,542","25.6%","6,472","16.7%","12,070","35.9%","27,032","27.4%","8,099","16.1%","18,933","39.1%","25,826","17.0%","5,949","7.4%","19,877","27.9%","20,782","19.4%","5,135","9.3%","15,647","30.1%","113,825","20.1%","26,451","9.2%","87,374","31.3%","26,243","20.5%","7,114","11.4%","19,129","29.3%","209,703","18.3%","49,703","9.1%","160,000","26.6%","118,952","20.7%","25,913","9.2%","93,039","31.7%","10,850","32.6%","2,850","17.9%","8,000","46.3%","149,307","26.8%","38,445","13.6%","110,862","40.4%","48,416","27.7%","13,772","15.3%","34,644","40.9%","51,592","18.5%","13,139","9.3%","38,453","28.0%","165,077","23.8%","47,093","13.4%","117,984","34.5%","12,836","18.7%","2,812","8.0%","10,024","29.9%","64,030","21.3%","13,492","8.6%","50,538","35.1%","14,406","32.0%","3,957","17.7%","10,449","45.8%","73,096","23.2%","16,612","10.3%","56,484","36.7%","262,671","21.7%","62,016","9.9%","200,655","34.6%","30,048","21.5%","7,194","9.2%","22,854","37.2%","9,938","17.0%","2,234","8.2%","7,704","24.8%","93,728","17.9%","19,827","7.5%","73,901","28.5%","81,972","17.7%","20,834","8.8%","61,138","26.8%","26,350","33.8%","7,828","20.6%","18,522","46.5%","78,159","25.9%","20,306","13.5%","57,853","38.0%","8,193","28.6%","1,875","13.2%","6,318","43.5%","43,655","28.1%","11,436","17.5%","32,219","35.8%"
"            Arts, Humanities and Others","3,692,709","20.7%","1,621,441","18.0%","2,071,268","23.5%","44,593","18.8%","21,137","18.0%","23,456","19.7%","6,458","21.2%","3,114","20.4%","3,344","21.9%","83,256","18.6%","36,524","15.5%","46,732","22.0%","21,274","17.5%","9,322","16.0%","11,952","18.9%","499,809","24.1%","201,496","19.4%","298,313","28.8%","80,264","21.0%","32,382","16.5%","47,882","25.7%","60,273","24.9%","27,153","22.8%","33,120","27.0%","12,549","17.0%","5,465","14.6%","7,084","19.6%","14,725","34.9%","6,355","30.9%","8,370","38.6%","272,042","17.7%","125,435","15.5%","146,607","20.1%","91,852","19.2%","40,816","17.1%","51,036","21.3%","19,380","19.8%","9,021","18.7%","10,359","20.9%","19,586","19.4%","10,120","18.8%","9,466","20.0%","130,178","20.0%","56,934","18.0%","73,244","21.9%","49,453","17.9%","21,682","15.3%","27,771","20.7%","28,866","18.7%","12,798","16.5%","16,068","20.8%","32,793","20.8%","15,543","19.5%","17,250","22.1%","35,167","19.8%","14,849","16.5%","20,318","23.2%","34,353","18.5%","16,596","17.8%","17,757","19.3%","29,945","27.1%","12,916","23.9%","17,029","30.2%","83,844","21.1%","35,037","17.8%","48,807","24.3%","117,931","24.7%","53,083","22.7%","64,848","26.6%","95,377","18.7%","41,653","16.2%","53,724","21.2%","68,661","21.7%","29,823","19.1%","38,838","24.4%","19,758","17.3%","8,980","16.9%","10,778","17.7%","56,547","19.0%","26,605","17.8%","29,942","20.2%","14,188","19.6%","6,492","16.8%","7,696","22.9%","19,142","19.4%","8,841","17.6%","10,301","21.3%","27,366","18.0%","11,599","14.3%","15,767","22.2%","23,932","22.3%","11,465","20.8%","12,467","24.0%","109,244","19.3%","50,149","17.4%","59,095","21.2%","31,409","24.6%","13,799","22.1%","17,610","26.9%","301,226","26.3%","131,185","24.0%","170,041","28.3%","119,647","20.8%","51,091","18.1%","68,556","23.3%","4,151","12.5%","1,715","10.7%","2,436","14.1%","102,627","18.4%","46,910","16.5%","55,717","20.3%","30,666","17.6%","14,637","16.3%","16,029","18.9%","65,258","23.4%","29,079","20.5%","36,179","26.4%","132,009","19.0%","59,298","16.9%","72,711","21.3%","17,831","25.9%","9,228","26.2%","8,603","25.6%","55,781","18.6%","27,172","17.3%","28,609","19.9%","7,038","15.6%","2,615","11.7%","4,423","19.4%","57,491","18.2%","27,113","16.8%","30,378","19.7%","217,790","18.0%","92,372","14.7%","125,418","21.6%","30,581","21.9%","13,895","17.8%","16,686","27.2%","17,848","30.6%","7,294","26.7%","10,554","34.0%","118,098","22.5%","51,322","19.4%","66,776","25.7%","106,410","22.9%","45,602","19.3%","60,808","26.7%","12,677","16.3%","6,197","16.3%","6,480","16.3%","56,557","18.7%","25,274","16.8%","31,283","20.5%","4,808","16.8%","2,258","15.9%","2,550","17.6%","19,284","12.4%","6,902","10.5%","12,382","13.7%"